{"cameraMode":{"drawMode":0,"name":"Shaded","section":"Shading Mode"},"sceneLighting":true,"audioPlay":false,"sceneViewState":{"showFog":true,"showMaterialUpdate":false,"showSkybox":true,"showFlares":true,"showImageEffects":true,"showParticleSystems":true},"in2DMode":false,"pivot":{"x":17.516698837280275,"y":-8.544000625610352,"z":-3.6727397441864015},"rotation":{"x":-0.16041472554206849,"y":-0.7430276274681091,"z":0.19203883409500123,"w":-0.6208023428916931},"size":35.414459228515628,"orthographic":false}