{"cameraMode":{"drawMode":0,"name":"Shaded","section":"Shading Mode"},"sceneLighting":true,"audioPlay":false,"sceneViewState":{"showFog":true,"showMaterialUpdate":false,"showSkybox":true,"showFlares":true,"showImageEffects":true,"showParticleSystems":true},"in2DMode":false,"pivot":{"x":-1.0162378549575806,"y":-10.973183631896973,"z":15.203516006469727},"rotation":{"x":0.29352110624313357,"y":-0.003158013802021742,"z":0.0009973779087886215,"w":0.9559950828552246},"size":28.951053619384767,"orthographic":false}