{"cameraMode":{"drawMode":0,"name":"Shaded","section":"Shading Mode"},"sceneLighting":true,"audioPlay":false,"sceneViewState":{"showFog":true,"showMaterialUpdate":false,"showSkybox":true,"showFlares":true,"showImageEffects":true,"showParticleSystems":true},"in2DMode":false,"pivot":{"x":-4.630000114440918,"y":0.7599999904632568,"z":0.5},"rotation":{"x":0.23129314184188844,"y":-0.34298375248908999,"z":0.08756570518016815,"w":0.9062483906745911},"size":26.36324691772461,"orthographic":false}