{"cameraMode":{"drawMode":0,"name":"Shaded","section":"Shading Mode"},"sceneLighting":true,"audioPlay":false,"sceneViewState":{"showFog":true,"showMaterialUpdate":false,"showSkybox":true,"showFlares":true,"showImageEffects":true,"showParticleSystems":true},"in2DMode":false,"pivot":{"x":0.3694053888320923,"y":-0.8639974594116211,"z":4.074437141418457},"rotation":{"x":0.24388909339904786,"y":-0.06280167400836945,"z":0.015841985121369363,"w":0.9676734209060669},"size":15.076393127441407,"orthographic":false}